분류,질의제목,질의내용
top10,Kia Digital Key(NFC)란 무엇인가요?,"Kia Digital Key는 NFC 안테나가 장착된 스마트폰 또는 카드 키로 차량의 도어를 열고 시동을 걸 수 있는 새로운 서비스입니다.?
?
Kia Digital Key NFC 카드 키
Kia Digital Key NFC 카드 키는 최초 1회 차량 등록 후 사용 가능하며, 도어 핸들에 카드를 태그 하여 차량에 출입하실 수 있습니다.??
출입 후, 무선 충전 패드에 카드를 거치한 뒤 차량의 시동을 걸 수 있습니다.?
NFC 카드 키 등록 방법"
top10,직영 서비스센터 운영 시간은 어떻게 됩니까?,"직영 서비스센터의 업무시간은 평일(월~금) 08:30~17:30까지 이며, 중식시간은 12:30~13:30 입니다. 
직영서비스센터는 예약제로 운영되므로 방문 전 사전 예약 바랍니다.?
?
토탈 예약 센터 안내 (1899-0200)?
전화 한통으로 고객님과 가장 가까운 서비스 네트워크에서 정비서비스를 받을 수 있도록 사전 예약을 접수하고 있습니다.??
AUTO Q 검색/예약"
top10,사용설명 분실했는데 어떻게 재발급 받을 수 있나요?,"사용설명서 분실 및 중고차 구입을 하신 경우에는 기아멤버스 홈페이지를 통해 보실 수 있습니다.??
사용 설명서"
top10,"내 차 관리를 위한 필수 앱, MyKia는 어떤 서비스 인가요?","나만의 꼼꼼한 개인비서, 더욱 강화된 개인화 서비스

· 날씨, 차량 상태를 포함 사용자 데이터 기반 개인 맞춤형 화면과 콘텐츠를 제공합니다.
· 차량 운행 후 안전운전 점수 및 운전 습관 데이터를 MyKia를 통해 확인해 보세요.
· 정기 점검, 보증 및 리콜 정보까지 꼼꼼하게 챙겨주고, 가까운 정비소 검색과 손쉬운 예약을 도와줍니다.
* 서비스 이용은 차종 및 사양에 따라 상이할 수 있으며, 일부 서비스는 datahub 서비스 가입 및 이용 동의 필요
?
더욱 똑똑해진 차계부로, 스마트하고 편리한 '차량관리'
·?정비 이력 확인, 소모품 관리, 주유/EV? 충전 내역, 자동차 할부 정보 등 내 차와 관련된 모든 비용을 한눈에 관리할 수 있습니다.
· 항목별, 월별 리포트를 통해 지출 내역을 점검하고 전월과 비교하여 소비습관을 확인해 보세요.
?
EVerything for EV, EV 고객을 위한 특화 서비스
· 기아 EV 멤버스 가입 하나로, 충전 걱정 끝!? 충전 로밍 서비스와 구독형 충전 요금제, 이 모든 것을 기아멤버스 포인트로 결제할 수 있는 EV멤버스 혜택까지 EV고객만을 위한 다양한 특화 프로그램과 차별화된 혜택을 제공합니다.
?
기아 온라인 통합 회원을 위한 다양한 혜택과 이벤트
· MyKia에 가입한 하나의 ID로 기아에서 제공하는 다양한 서비스를 이용하실 수 있습니다.
(기아닷컴, 기아멤버스 홈페이지, 기아 디지털 키, Kia Connect 등)
* 기아 디지털 키, Kia Connect 등 일부 서비스는 별도 서비스 가입 및 이용 동의 필요"
top10,기아 통합 계정이 무엇인가요?,"기아 통합 계정은, 기아닷컴 / 기아멤버스 홈페이지 / MyKia 모바일 앱 / 기아 디지털키 / Kia Connect 등 기아에서 제공하는 서비스를 사용하기 위한 계정으로, 하나의 ID로 모든 서비스를 이용할 수 있습니다.
* 단, 로그인 후 각 서비스 별로 추가적인 서비스 가입이 필요합니다.
* 기아닷컴 / 기아멤버스 홈페이지 /?MyKia에 가입 시도 시, 정상적으로 가입이 이루어지지 않은 경우에는 기타 서비스(Kia Connect 등)의 가입 여부를 먼저 점검해 보시기 바랍니다. 타 서비스 가입 이력이 있다면 별도 가입 절차 없이 해당 ID로 로그인 및 서비스 이용 가능합니다."
top10,일반 리모컨 또는 스마트 키 차량의 핸들 락(잠김) 해제 방법을 알려주세요,"일반 리모컨 적용 차량 또는 이모빌라이져 적용 차량의 핸들락(잠김) 해제방법?
① 왼손으로 핸들을 잡고 오른손으로 키셋트에 키를 꽂는다?
② 핸들을 좌우로 힘껏 움직이면서 동시에 ACC 방향으로 키를 돌린다.??
?
스마트키 차량의 경우 시동과 동시에 핸들락(잠김)이 해제됩니다."
top10,전자식 파킹 브레이크(EPB) 기능이 무엇인가요?,"전자 파킹 브레이크(EPB : Electronic Parking Brake)는 
페달 또는 레버로 케이블을 당겨 파킹 브레이크를 작동시키는 대신 스위치 조작으로 모터 구동을 통해 파킹 브레이크를 작동함으로써 운전자 편의성 향상을 도모하는 시스템입니다.?
?
전자식 파킹 브레이크 작동 방법
· 차량 정지 상태에서 전자식 파킹 브레이크 스위치를 당기면 전자 파킹 브레이크가 체결?
· 전자식 파킹 브레이크가 정상적으로 체결되면 계기판에 브레이크 경고등 점등??
?
전자식 파킹 브레이크 해제 방법
① 수동해제
· 전자 파킹 브레이크(EPB)가 체결된 상태에서, 스위치를 당겨 해제할 수 있습니다.??
· 단, 아래의 모든 조건이 만족되는 경우에 해제가 가능합니다.??
(시동 버튼 「ON」 위치일 때, 브레이크 페달을 밟은 상태)??
?
② 자동해제?
· 변속기가 「P」(주차)단에 위치하고 주차 브레이크가 체결되어 있는 경우, 
엔진이 켜진 상태에서 브레이크 페달을 밟고 자동변속기 레버를 「P」(주차)단에서? 「R」/「N」/「D」단으로 변속하면 전자 파킹 브레이크(EPB)가 자동으로 해제됩니다.??
· 또한, 아래의 모든 조건을 만족된 경우 가속 페달을 천천히 밟아 해제할 수 있습니다.??
(엔진이 켜져 있고 운전자 안전벨트를 착용한 상태, 운전석 도어/엔진 후드 및 트렁크가 닫힌 상태, 자동변속기 레버가 「R」/「D」 또는 수동모드에 있는 경우)"
top10,버튼시동 스마트 키 차량의 경우 중립 주차는 어떻게 합니까?,"버튼시동 스마트 키 차량의 경우 D/R/N 단 위치에서 시동을 끌 경우 ACC 상태가 되어? 전원이 꺼지지 않고 스마트키로 도어를 잠글 수 없습니다. 다른 사람이 차량을 움직일 수 있도록 주차시켜 놓을 때는(중립 주차) 차량 사양에 따라 다음과 같이 사용해주시기 바랍니다.
?
변속레버 앞쪽에 「SHIFT LOCK RELEASE」버튼이 있는 차종
① 주차 브레이크를 걸고, 브레이크 페달을 밟은 상태에서 「P」(주차) 위치에 두고 엔진을 끄십시오.
스마트키 장착 차량은 「P」(주차) 위치에서만 시동버튼을 「OFF」상태로 전환할 수 있습니다.
② 주차 브레이크를 푸십시오.
③ 브레이크 페달을 밟고 변속레버 앞쪽에 위치한 「SHIFT LOCK RELEASE」버튼을 누른 상태에서 변속 레버를 「N」(중립) 위치로 이동하십시오. 차량을 밀어서 움질일 수 있는 상태가 됩니다.
?
변속레버 앞쪽에 「SHIFT LOCK RELEASE」버튼이 없는 차종
(일부 차량의 경우 쉬프트락 해제 버튼 없음)
① 주차 브레이크를 걸고, 브레이크 페달을 밟은 상태에서 「P」(주차) 위치에 두고 엔진을 끄십시오.
스마트키 장착 차량은 「P」(주차) 위치에서만 시동버튼을 「OFF」상태로 전환할 수 있습니다.
② 주차 브레이크를 푸십시오.
③ 브레이크를 밟고 자동변속기를 「N」(중립)위치로 두십시오.
「P」(주차)는 변속기가 잠기는 위치로, 차를 쉽게 움직일 수 없는 위치입니다.
?
* 자세한 내용은 취급설명서를 참조하시기 바랍니다."
top10,스마트 키 배터리 교환방법에 대해 알려주세요,"스마트 키의 사용횟수와 기간에 따라 배터리 성능이 저하되었을 경우 배터리 교환이 필요합니다.?
배터리 교환 시 차종별 스마트 키 배터리 용량을 확인 후 배터리를 구입하여 교환하시면 됩니다.??
?
① 리모컨 키(스마트 키)의 옆면 또는 아랫면에 일자 모양의 홈이 있습니다.??
이 홈에 동전이나 일자 드라이버(-)와 같은 도구를 끼우신 후 살짝 비틀어 주시면 스마트키 뒷면의 건전지 커버가 분리되며, 내부에 동그란 수은 배터리가 확인 됩니다.??
② 스마트키 규격에 맞는 새 배터리를 구입하셔서 교환하시면 됩니다. 
수은 배터리는 대형 마트, 문구점에서 구입하실 수 있습니다.??
③ 조립은 분해의 역순으로 하시면 됩니다.??
배터리를 장착하신 후, 스마트키 뒷면의 건전지 커버를 장착해 주시기 바랍니다.??
단, 스마트 키 내부의 회로는 정전기 등에 약하며, 직접 교체가 어려운 경우 오토큐에서 점검 및 교환을 의뢰하시기 바랍니다."
top10,"내비게이션 업데이트는 어디서, 어떻게 하나요?","내비게이션 업데이트는 기아멤버스 홈페이지에 접속하시어 이용하실 수 있습니다.??
?
업데이트 시 유의사항
① 시동 스위치 ON 하여 내비게이션이 켜진 경우에도 업데이트 가능합니다.??
(주의 : 차량 전원을 사용하는 경우 배터리 충전량이 충분한 상태에서 업데이트를 진행하는 것을 권장합니다.)?
② 업데이트 중 내비게이션 전원이 차단되거나, 미디어를 제거할 경우 정상 동작하지 않을 수 있습니다.??
(주의 : 시동 버튼 ON 상태에서 업데이트 중 시동을 걸 경우에도 내비게이션 전원이 차단될 수 있습니다.)??
?
* 도로/카메라/명칭/주소/전화번호 등의 신규 지도 등록 또는 오류가 있다면 아래 URL을 클릭하시어 제보해 주십시오.?
내비게이션/빌트인 캠 업데이트
지도개선요청"
전체,질의제목,질의내용
전체,단속 카메라 및 안내 경로에 대한 오류  등이 발행하는 경우 어떤 조치를 취할 수 있나요?,"사고를 목격하시거나, 갑작스러운 도로 공사, 통제, 포트홀로 길이 막힌 경우, 지도안내 화면에서 해당 지점을 길게 누르면, ‘사용자 신고’를 바로 실행할 수 있습니다.
신고된 정보는 향후 안전 운행을 위한 소중한 데이터로 활용됩니다.?
* 지도 정보가 이상하면 “지도정보”, 도로 카메라 정보가 잘못되어 있으면 “카메라”, 터널 등 외부 공기를 차단해야 할 곳이 있다면 “외부 공기 차단”을 눌러주세요.
* 표준형5W, 고급형6세대 가 적용된 차종에서 제공됩니다."
전체,모바일 내비게이션 대비 기아 내비게이션의 ‘도착 예정 시간’은 정확한가요?,"기아 내비게이션은 커넥티드 카 기반의 교통 정보 활용, 경로 탐색 품질이 개선되는 순환 구조를 통해 안정된 경로 품질을 제공하고 있습니다."
전체,"기아 커넥트 스토어는 무엇이며, 어떻게 이용하나요?","차량 구매 순간의 선택이 카 라이프의 전부를 결정한 것은 아닙니다.
이제 차량 구매 후에도?기아 커넥트 스토어(connectstore.kia.com)가 제공하는
새로운 기능들을 언제 어디서든지 추가로 구매해 평생, 또는 원하는 기간 동안 이용하실 수 있습니다.

기아 커넥트 스토어 이용관련 자세한 내용은
기아 커넥트 스토어 이용안내 페이지(https://connectstore.kia.com/kr/info/buying-Installation-guide)에서 확인 가능하며,
이용절차는 아래와 같습니다.
?
기아 커넥트 스토어?또는 QR접속"
전체,모바일 내비게이션과 차별화 되는 기아 내비게이션만의 특장점은 무엇인가요?,"① 일반 지도만 사용하는 모바일 내비게이션과는 달리 국내 전국 ADAS 지도 구축을 통해 정확한 지도 정보를 제공합니다.
② GPS 수신정보 외 차량 내 센서 데이터를 이용하여 터널,지하차도, 지하주차장에서도 정확한 길 안내 서비스를 제공합니다.
* 지하주차장 지도를 제공하는 주차장은 코엑스, 롯데 월드, 현대 프리미엄 아울렛 김포, 더현대 서울, 현대백화점 판교점, 디에이치 자이 개포, 디에이치 반포 라클라스 등 을 제공하고 있으며, 앞으로 지속적으로? 확대 예정입니다.?
③ 지도 데이터 및 위치 데이터를 활용한 다양한 차량 연동 기능을 통해 차량 내 고객에게 보다 안전하고 편리한 기능을 제공합니다.
- 터널 진입 시 외부공기 유입방지 제어, 내비게이션 연동 스마트 크루즈 컨트롤, 그린존 드라이브 모드 등"
전체,내비게이션 외 클러스터와 헤드업 디스플레이도 무선 업데이트가 되나요?,"2022년 7월 정기 업데이트 시, ‘THE NEW K9 2021’ 모델에 헤드업 디스플레이(HUD)의 길 안내 그래픽이 새롭게 적용 되었습니다.
추후 대상 차종 확대 예정이며, 헤드업 디스플레이 업데이트는 해당 옵션 장착 차량만 가능합니다.
* 클러스터와 헤드업 디스플레이 업데이트 적용 여부는 차종마다 상이할 수 있습니다.
* 지자체 실 도로 유도선 색상과 클러스터/헤드업 디스플레이/내비게이션 유도 색상 정보 동일하게 반영하여 운전자 편의 강화"
전체,내비게이션 무선 업데이트는 어떻게 이뤄지나요?,"일정 시간 이상 주행 시, 최신 버전의 지도와 소프트웨어로 자동 업데이트가 진행되며,?
주행 종료 후 시동을 끌 때 팝업 표시창의 ‘시작’ 버튼을 누르면 시스템 업데이트까지 최종 완료됩니다.
* 업데이트 상태 확인은 '설정-일반-SW정보/업데이트' 에서 확인할 수 있습니다."
전체,내비게이션 업데이트 주기가 어떻게 되나요?,"내비게이션은 연 6회 정기 유/무선 업데이트를 통해 최신 지도 및 안정적인 내비게이션 시스템 & 신규 기능 적용을 제공하고 있으며,
OTA 무선 업데이트를 통해 더욱 편리한 업데이트 경험을 제공하고 있습니다. (단속 카메라 반영 등 기본 정보는 수시로 업데이트 중에 있음)
*?OTA 무선 업데이트를 위해서는 기아커넥트 서비스 가입이 필요하며, 표준형5W/고급형6세대가 적용된 차종에서 제공됩니다."
전체,빌트인 캠 USB메모리 저장버튼이 활성화가 안됩니다. 어떻게 해야 하나요?,"USB 연결 단자를 확인해 주세요. 정상적으로 연결 시 화면 상단에 USB 연결 아이콘이 표시됩니다.
빌트인 캠 전용 단자는 멀티미디어 USB단자와 다르게 글로브 박스 또는 콘솔 박스 내부에 위치해 있습니다. (차종별 상이)"
전체,빌트인 캠 업데이트를 하지 않으면 영상 녹화가 안되나요?,"업데이트와 영상 녹화는 관련이 없습니다. 다만, 업데이트를 하지 않은 경우 스마트폰 연결 오류 등 일부 기능이 정상적으로 동작하지 않을 수 있으니 꼭 업데이트를 받으시기 바랍니다."
전체,빌트인 캠 녹화영상 관리 방법이 궁금합니다.,"주행 중 상시 영상은 최대 3시간, 주차 중 상시 영상은 최대 20시간, 주행/주차 중 충격감지 이벤트는 최대 40건, 수동 스위치 녹화는 최대 30건 까지 저장 가능합니다.
저장공간 초과 시 가장 이른 녹화영상부터 자동 삭제되므로, 중요파일은 보관함[★]에 저장하시거나 사고 직후에도 차량 주행 필요 시 '주행중 녹화기능'을 꺼주세요.
*?주행 중 상시 / 주차 중 상시 / 주행 중 이벤트 / 주차 중 이벤트 영상은 독립적으로 분할 저장됩니다."
차량 구매,EV케어 프로그램이란 무엇인가요?,"기아 EV를 구매한 기아멤버스 회원이시라면 EV스타일케어, EV세이프티 케어에 가입하실 수 있습니다.
기아EV케어"
차량 구매,Kia EV 그린패스 요즘에는 어떤 서비스인가요?,"멤버십 월 구독료는 매월?1일 정기 자동 결제됩니다.
·?단,??1회 차의 경우,??신청 일자 기준 잔여기간을 일할 계산하여 청구하며, 2회 차부터 등록된 지불수단을 통해 정기 자동 결제가?이루어집니다.??
* 단,?등록된 신용카드 청구 실패 시 고객에게?2번의 추가 청구를 진행,
3번째 또한 청구 실패할 경우 해당 멤버십 자동 해지/자동 해지 후 재가입하여도 할인율 소급 적용 불가
?
월 정액 요금을 납부하면 약정된 충전 양만큼 에스에스차처,?한전 급속충전기에서 일정 비율 할인받으실 수 있는 요금제 상품입니다.??
·?SSC :?최대?50% 할인?/?한전?:?최대?20%?할인
?
라이트,?그린+?두 가지 요금제가 있으며,??멤버십 월 구독료를 납부하시면 각 요금제별 약정된 충전 량까지 할인받으실 수 있습니다.
* 자세한 내용은 아래 링크를 클릭해 주세요.
Kia EV 그린패스"
차량 구매,광고성 정보 수신 동의 확인 문자/이메일을 받았습니다.,"기아차량?보유 고객 중 광고성 정보 수신에 동의하신 고객님께 수신동의 여부를 확인하는 메시지 입니다.
이는 광고성 정보 수신에 동의한 고객님께 2년마다 수신동의 여부를 확인하는 것이 의무화 되면서 수신동의 확인을 위해 메시지를 발송해드렸습니다.
또한, 수신 동의 철회 시 상품정보, 혜택정보, 프로모션 및 이벤트 안내 등을 받아보실 수 없으며, 광고성 정보 수신동의 철회 시 고객센터(080-200-2000)로 문의하여 주시기 바랍니다."
차량 구매,기아 전기차 구매시 보조금은 어떻게 되나요?,"전기차 보조금은 전기차를 구매할 때 정부와 지자체에서 정한 전기자동차 보조금 지원대상 자동차를 신규로 구매해 국내에 등록할 경우 보조금을 지급하는 제도입니다.
(구매보조금 지급 상한액은 아래표를 참고해주세요.)?
EV & PBV 카탈로그/가격표 바로가기 >"
차량 구매,All-new Niro EV에 적용된 특화 기술은 어떤 게 있나요?,"The All-new Niro EV에는 경제성과 편의성을 높이는 다양한 EV 특화 기술이 적용되어 있습니다.
?
① 배터리 컨디셔닝?
· 외부 온도가 낮을 때 배터리 온도를 최적화해 주행성능 유지 및 충전 시간 단축, 급속충전소를 목적지로 설정하면 배터리 온도를 미리 최적화해 도착 즉시 충전 가능하게 합니다.
?
② 히트 펌프 & 배터리 히팅 시스템?
· 고효율 난방 시스템인 히트 펌프 및 배터리 히팅 시스템 적용으로 겨울철 실 주행거리 및 충전시간을 확보합니다.
?
③ 스마트 회생제동 시스템 2.0?
· 전방 교통 흐름 및 내비게이션 지도 정보, 운전자 감속 패턴 정보를 이용하여 회생제동량을 자동 조절하는 기능으로 주행 효율성을 향상시킵니다.
?
④ i-PEDAL 모드
· 가속 페달만을 이용하여 가속 및 감속, 정차까지 가능한 원 페달 주행모드입니다."
차량 구매,"내 차 관리를 위한 필수 앱, MyKia는 어떤 서비스 인가요?","나만의 꼼꼼한 개인비서, 더욱 강화된 개인화 서비스

· 날씨, 차량 상태를 포함 사용자 데이터 기반 개인 맞춤형 화면과 콘텐츠를 제공합니다.
· 차량 운행 후 안전운전 점수 및 운전 습관 데이터를 MyKia를 통해 확인해 보세요.
· 정기 점검, 보증 및 리콜 정보까지 꼼꼼하게 챙겨주고, 가까운 정비소 검색과 손쉬운 예약을 도와줍니다.
* 서비스 이용은 차종 및 사양에 따라 상이할 수 있으며, 일부 서비스는 datahub 서비스 가입 및 이용 동의 필요
?
더욱 똑똑해진 차계부로, 스마트하고 편리한 '차량관리'
·?정비 이력 확인, 소모품 관리, 주유/EV? 충전 내역, 자동차 할부 정보 등 내 차와 관련된 모든 비용을 한눈에 관리할 수 있습니다.
· 항목별, 월별 리포트를 통해 지출 내역을 점검하고 전월과 비교하여 소비습관을 확인해 보세요.
?
EVerything for EV, EV 고객을 위한 특화 서비스
· 기아 EV 멤버스 가입 하나로, 충전 걱정 끝!? 충전 로밍 서비스와 구독형 충전 요금제, 이 모든 것을 기아멤버스 포인트로 결제할 수 있는 EV멤버스 혜택까지 EV고객만을 위한 다양한 특화 프로그램과 차별화된 혜택을 제공합니다.
?
기아 온라인 통합 회원을 위한 다양한 혜택과 이벤트
· MyKia에 가입한 하나의 ID로 기아에서 제공하는 다양한 서비스를 이용하실 수 있습니다.
(기아닷컴, 기아멤버스 홈페이지, 기아 디지털 키, Kia Connect 등)
* 기아 디지털 키, Kia Connect 등 일부 서비스는 별도 서비스 가입 및 이용 동의 필요"
차량 구매,기아 표준 서비스 용품이 무엇인가요?,"기아는 이면 할인 판매 및 과다 서비스 용품 제공 행위를 금지하고, 공정한 판매 실천과 고객님께 최고의 서비스를 제공해 드리고자 차량 구입 시 표준 서비스 용품을 드리고 있습니다.
표준 서비스 용품은 차량 계약 시 썬팅 시공권과 기아 컬렉션 KIT 중 택1하여 선택하실 수 있습니다.
* 하기 구성품은 2020년 2월 기준이며, 서비스 용품 및 구성품은 변경될 수 있습니다.
?
① 썬팅 시공권
· 썬팅 필름은 현재 9종의 품목을 운영 중이며 PC 또는 모바일에서 지역별 시공점 및 필름 브랜드를 조회하실 수 있습니다.
· 썬팅 시공 후에는 차량용 먼지떨이개를 추가 지급해드립니다.
?
② 기아 컬렉션 KIT
· 차량 출고 후 계약 시 신청하신 배소 주소지로 택배 발송해드립니다.
· 구성품목(6종) : 트렁크 정리함, 멀티 담요, 차량용 먼지떨이개, 목베개, 전면 유리커버, LED 라이트 바 풀 세트
기아 온라인 썬팅시공점 및 필름 브랜드 조회"
차량 구매,시승 신청은 어떻게 해야 하나요?,"기아는 시승체험 편의 고객만족을 위해 다양한 시승서비스를 제공하고 있습니다. 고객님께서 희망하시는 가까운 센터에서 최고의 서비스를 직접 만나실 수 있습니다.?
시승 신청은 기아 홈페이지(www.kia.com) 회원가입 및 로그인 후 신청하실 수 있으며, 예약 취소 시 재신청은 1주일 후부터 가능합니다.??
?
* 시승 예약 절차 : 기아 시승서비스는 고객님께서 시승 예약 시 지정하신 동승 영업 담당과 시승 가능여부 확인 후 예약이 확정됩니다.
시승 신청 바로가기 >"
차량 구매,기아 통합 계정이 무엇인가요?,"기아 통합 계정은, 기아닷컴 / 기아멤버스 홈페이지 / MyKia 모바일 앱 / 기아 디지털키 / Kia Connect 등 기아에서 제공하는 서비스를 사용하기 위한 계정으로, 하나의 ID로 모든 서비스를 이용할 수 있습니다.
* 단, 로그인 후 각 서비스 별로 추가적인 서비스 가입이 필요합니다.
* 기아닷컴 / 기아멤버스 홈페이지 /?MyKia에 가입 시도 시, 정상적으로 가입이 이루어지지 않은 경우에는 기타 서비스(Kia Connect 등)의 가입 여부를 먼저 점검해 보시기 바랍니다. 타 서비스 가입 이력이 있다면 별도 가입 절차 없이 해당 ID로 로그인 및 서비스 이용 가능합니다."
차량 구매,상승 내장탑차가 무엇인가요?,"상승 내장탑차는 단, 1대로 저상형에서 플러스형 높이까지 조절이 가능한 탑차입니다.?
탑과 캐빈이 유사한 높이로 설계되어 지하주차장 출입이 용이한 저상형 높이부터? 넓은 적재용적으로 높은 수용효율을 제공하는 플러스형 높이까지 조절이 가능합니다."
차량 정비,단속 카메라 및 안내 경로에 대한 오류  등이 발행하는 경우 어떤 조치를 취할 수 있나요?,"사고를 목격하시거나, 갑작스러운 도로 공사, 통제, 포트홀로 길이 막힌 경우, 지도안내 화면에서 해당 지점을 길게 누르면, ‘사용자 신고’를 바로 실행할 수 있습니다.
신고된 정보는 향후 안전 운행을 위한 소중한 데이터로 활용됩니다.?
* 지도 정보가 이상하면 “지도정보”, 도로 카메라 정보가 잘못되어 있으면 “카메라”, 터널 등 외부 공기를 차단해야 할 곳이 있다면 “외부 공기 차단”을 눌러주세요.
* 표준형5W, 고급형6세대 가 적용된 차종에서 제공됩니다."
차량 정비,모바일 내비게이션 대비 기아 내비게이션의 ‘도착 예정 시간’은 정확한가요?,"기아 내비게이션은 커넥티드 카 기반의 교통 정보 활용, 경로 탐색 품질이 개선되는 순환 구조를 통해 안정된 경로 품질을 제공하고 있습니다."
차량 정비,모바일 내비게이션과 차별화 되는 기아 내비게이션만의 특장점은 무엇인가요?,"① 일반 지도만 사용하는 모바일 내비게이션과는 달리 국내 전국 ADAS 지도 구축을 통해 정확한 지도 정보를 제공합니다.
② GPS 수신정보 외 차량 내 센서 데이터를 이용하여 터널,지하차도, 지하주차장에서도 정확한 길 안내 서비스를 제공합니다.
* 지하주차장 지도를 제공하는 주차장은 코엑스, 롯데 월드, 현대 프리미엄 아울렛 김포, 더현대 서울, 현대백화점 판교점, 디에이치 자이 개포, 디에이치 반포 라클라스 등 을 제공하고 있으며, 앞으로 지속적으로? 확대 예정입니다.?
③ 지도 데이터 및 위치 데이터를 활용한 다양한 차량 연동 기능을 통해 차량 내 고객에게 보다 안전하고 편리한 기능을 제공합니다.
- 터널 진입 시 외부공기 유입방지 제어, 내비게이션 연동 스마트 크루즈 컨트롤, 그린존 드라이브 모드 등"
차량 정비,내비게이션 외 클러스터와 헤드업 디스플레이도 무선 업데이트가 되나요?,"2022년 7월 정기 업데이트 시, ‘THE NEW K9 2021’ 모델에 헤드업 디스플레이(HUD)의 길 안내 그래픽이 새롭게 적용 되었습니다.
추후 대상 차종 확대 예정이며, 헤드업 디스플레이 업데이트는 해당 옵션 장착 차량만 가능합니다.
* 클러스터와 헤드업 디스플레이 업데이트 적용 여부는 차종마다 상이할 수 있습니다.
* 지자체 실 도로 유도선 색상과 클러스터/헤드업 디스플레이/내비게이션 유도 색상 정보 동일하게 반영하여 운전자 편의 강화"
차량 정비,내비게이션 무선 업데이트는 어떻게 이뤄지나요?,"일정 시간 이상 주행 시, 최신 버전의 지도와 소프트웨어로 자동 업데이트가 진행되며,?
주행 종료 후 시동을 끌 때 팝업 표시창의 ‘시작’ 버튼을 누르면 시스템 업데이트까지 최종 완료됩니다.
* 업데이트 상태 확인은 '설정-일반-SW정보/업데이트' 에서 확인할 수 있습니다."
차량 정비,내비게이션 업데이트 주기가 어떻게 되나요?,"내비게이션은 연 6회 정기 유/무선 업데이트를 통해 최신 지도 및 안정적인 내비게이션 시스템 & 신규 기능 적용을 제공하고 있으며,
OTA 무선 업데이트를 통해 더욱 편리한 업데이트 경험을 제공하고 있습니다. (단속 카메라 반영 등 기본 정보는 수시로 업데이트 중에 있음)
*?OTA 무선 업데이트를 위해서는 기아커넥트 서비스 가입이 필요하며, 표준형5W/고급형6세대가 적용된 차종에서 제공됩니다."
차량 정비,빌트인 캠 USB메모리 저장버튼이 활성화가 안됩니다. 어떻게 해야 하나요?,"USB 연결 단자를 확인해 주세요. 정상적으로 연결 시 화면 상단에 USB 연결 아이콘이 표시됩니다.
빌트인 캠 전용 단자는 멀티미디어 USB단자와 다르게 글로브 박스 또는 콘솔 박스 내부에 위치해 있습니다. (차종별 상이)"
차량 정비,빌트인 캠 업데이트를 하지 않으면 영상 녹화가 안되나요?,"업데이트와 영상 녹화는 관련이 없습니다. 다만, 업데이트를 하지 않은 경우 스마트폰 연결 오류 등 일부 기능이 정상적으로 동작하지 않을 수 있으니 꼭 업데이트를 받으시기 바랍니다."
차량 정비,빌트인 캠 녹화영상 관리 방법이 궁금합니다.,"주행 중 상시 영상은 최대 3시간, 주차 중 상시 영상은 최대 20시간, 주행/주차 중 충격감지 이벤트는 최대 40건, 수동 스위치 녹화는 최대 30건 까지 저장 가능합니다.
저장공간 초과 시 가장 이른 녹화영상부터 자동 삭제되므로, 중요파일은 보관함[★]에 저장하시거나 사고 직후에도 차량 주행 필요 시 '주행중 녹화기능'을 꺼주세요.
*?주행 중 상시 / 주차 중 상시 / 주행 중 이벤트 / 주차 중 이벤트 영상은 독립적으로 분할 저장됩니다."
차량 정비,빌트인 캠 이벤트 알림을 설정했는데도 알림 메세지가 오지 않습니다. 어떻게 해야 하나요?,"① 이벤트 알림은 민감도 설정값이 3단계 이하인 경우만 제공하고 있습니다.?
민감도 4단계 이상 설정한 경우에도, 이벤트 알림 여부와 상관없이 녹화기능은 작동하고 있으니, 걱정마세요.?
*?민감도 4,5단계 이벤트 알림 없는 이유 : 이벤트 알림은 주차 후 최대 5회까지 제공되며, 민감도를 높게 설정할 경우 정말 중요한 이벤트 알림을 받을 수 없어 민감도 보통 이하에서만 알림을 제공하고 있습니다.
* 이벤트 알림 설정 방법 : 인포테인먼트 시스템의 빌트인 캠 화면에서 '빌트인 캠 설정>녹화>주차 중 이벤트 알림'을 선택하면 커넥티드 서비스 앱을 통해 알림을 받을 수 있습니다. 단, 커넥티드 서비스에 가입 후 앱에서도 알림을 받도록 설정하여야 합니다.
?
② 이벤트 알림은 불필요한 알림이 가지 않도록 차량 잠금(도난경보장치 경계 상태) 후 발생한 이벤트에 대해서만 알림을 보내고 있습니다. 녹화 기능은 작동하고 있으니, 걱정 마세요."
기아멤버스,기아멤버스 모바일카드 발급과 사용방법이 어떻게 되나요?,"기아멤버스 모바일 카드는 기아멤버스 사이트 또는 Mykia 어플리케이션에 회원가입(카드회원까지 가입 필수)을 하시면 발급 받으실 수 있습니다.?
· 개인(법인 실운행자 포함)?
· 개인 사업자 회원 대상?
* 법인제외? 모바일 카드도 실물 카드와 동일하게 카드번호 확인 및 바코드 리딩으로 포인트 적립/ 사용이 가능합니다.?
(제휴처에서 바코드 리딩이 어려울 경우 단말기에 카드번호 입력 후 사용)"
기아멤버스,기아멤버스 카드를 모바일카드 or 실물 카드로 선택하여 받을 수 있나요?,"2018년 4월 2일부터 기아자동차 구입 시 멤버십 가입 신청서에 ""모바일카드""를 선택하신 경우, 별도의 실물 카드 발급 없이 모바일카드 발급 안내 문자가 발송되고 있습니다.?
수신하신 문자에 포함된 URL로 접속하신 후 모바일카드 발급 및 사용이 가능하십니다.?
(단, 문자수신 동의 여부에 ‘거부’ 를 선택하시면 모바일카드 관련 안내 문자 수신이 불가할 수 있습니다.)
?
K9 또는 스팅어 차량 구매 후 전용 멤버십에 가입하신 경우, 해당 차량은 실물 카드를 포함한? 전용 패키지가 제공되고 있어 가입 시 모바일카드로 선택은 어렵고, 실물 카드로 발급될 예정이니 참고해 주시기 바랍니다. (가입 후 기아멤버스?애플리케이션에서 모바일카드도 이용 가능)
?
최초 가입 시 모바일카드를 선택하셨더라도, 추후 실물 카드 재발급이 가능합니다.
기아멤버스 사이트 > MY 멤버스 > 나의 카드 조회 > 카드 재발급 신청을 통해 발급이 가능합니다.??
?
* 참고: 기아 멤버십은 차량 별이 아닌 고객번호를 기준으로 관리되고 있습니다.?
기존에 멤버십 카드를 발급한 이력이 있다면, 가입 신청서를 작성하셔도 별도의 카드가 추가? 발급되지는 않습니다.
현재, 멤버십 카드를 분실하셨다면 고객센터(080-200-2000) 또는 기아멤버스 사이트를 통해 재발급 신청해 주시기 바랍니다.
기아멤버스"
기아멤버스,기아멤버스 포인트 소멸 시점은 언제 인가요?,"기아멤버스 포인트 유효기간은 적립시점으로부터 5년입니다.
기아멤버스 포인트 소멸은 포인트 활용기간을 좀 더 확보할 수 있도록 초기 적립시점의 익월 1일에
일괄적으로 소멸 됩니다.

기아멤버스 포인트는 오토큐 및 제휴업체에서 사용 가능하니 자세한 내용은 기아멤버스 홈페이지를
참고하여 주시기 바랍니다."
기아멤버스,"기아멤버스 카드를 분실했는데, 재발급 받기 전에 오토큐에서 포인트를 사용할 수 있습니까?","적립된 멤버스포인트는 카드 없이도 오토큐에서 사용이 가능합니다.
오토큐에서 실물 카드 없이 멤버스포인트 사용 시 아래와 같은 방법으로 이용하시면 됩니다.
?- 차량명의자와 휴대폰명의자가 동일한 경우 휴대폰 인증하여 사용 가능"
기아홈페이지,기아 홈페이지 회원가입을 했으나 로그인이 되지 않습니다. 왜 그런가요?,"정보통신망법 개정 및 회원 고객님의 개인정보보호를 위하여 홈페이지에 1년 이상 로그인하지 않는 경우, 회원정보의 보호 및 운영의 효율성을 위해 휴면계정으로 전환됩니다.?
휴면계정으로 로그인이 되지 않을 경우, 본인인증을 통해 해제 후 이용이 가능합니다.?
또한, 홈페이지에 1년 이상 비로그인 시 분리보관 후 4년 후 탈퇴/파기 합니다.??
?
* 휴면계정 해제(본인 인증)가 불가하거나 정상 로그인이 되지 않는 경우는 기아 고객센터(080-200-2000)로 문의하여 주시기 바랍니다."
기타,단속 카메라 및 안내 경로에 대한 오류  등이 발행하는 경우 어떤 조치를 취할 수 있나요?,"사고를 목격하시거나, 갑작스러운 도로 공사, 통제, 포트홀로 길이 막힌 경우, 지도안내 화면에서 해당 지점을 길게 누르면, ‘사용자 신고’를 바로 실행할 수 있습니다.
신고된 정보는 향후 안전 운행을 위한 소중한 데이터로 활용됩니다.?
* 지도 정보가 이상하면 “지도정보”, 도로 카메라 정보가 잘못되어 있으면 “카메라”, 터널 등 외부 공기를 차단해야 할 곳이 있다면 “외부 공기 차단”을 눌러주세요.
* 표준형5W, 고급형6세대 가 적용된 차종에서 제공됩니다."
기타,모바일 내비게이션 대비 기아 내비게이션의 ‘도착 예정 시간’은 정확한가요?,"기아 내비게이션은 커넥티드 카 기반의 교통 정보 활용, 경로 탐색 품질이 개선되는 순환 구조를 통해 안정된 경로 품질을 제공하고 있습니다."
기타,"기아 커넥트 스토어는 무엇이며, 어떻게 이용하나요?","차량 구매 순간의 선택이 카 라이프의 전부를 결정한 것은 아닙니다.
이제 차량 구매 후에도?기아 커넥트 스토어(connectstore.kia.com)가 제공하는
새로운 기능들을 언제 어디서든지 추가로 구매해 평생, 또는 원하는 기간 동안 이용하실 수 있습니다.

기아 커넥트 스토어 이용관련 자세한 내용은
기아 커넥트 스토어 이용안내 페이지(https://connectstore.kia.com/kr/info/buying-Installation-guide)에서 확인 가능하며,
이용절차는 아래와 같습니다.
?
기아 커넥트 스토어?또는 QR접속"
기타,모바일 내비게이션과 차별화 되는 기아 내비게이션만의 특장점은 무엇인가요?,"① 일반 지도만 사용하는 모바일 내비게이션과는 달리 국내 전국 ADAS 지도 구축을 통해 정확한 지도 정보를 제공합니다.
② GPS 수신정보 외 차량 내 센서 데이터를 이용하여 터널,지하차도, 지하주차장에서도 정확한 길 안내 서비스를 제공합니다.
* 지하주차장 지도를 제공하는 주차장은 코엑스, 롯데 월드, 현대 프리미엄 아울렛 김포, 더현대 서울, 현대백화점 판교점, 디에이치 자이 개포, 디에이치 반포 라클라스 등 을 제공하고 있으며, 앞으로 지속적으로? 확대 예정입니다.?
③ 지도 데이터 및 위치 데이터를 활용한 다양한 차량 연동 기능을 통해 차량 내 고객에게 보다 안전하고 편리한 기능을 제공합니다.
- 터널 진입 시 외부공기 유입방지 제어, 내비게이션 연동 스마트 크루즈 컨트롤, 그린존 드라이브 모드 등"
기타,내비게이션 외 클러스터와 헤드업 디스플레이도 무선 업데이트가 되나요?,"2022년 7월 정기 업데이트 시, ‘THE NEW K9 2021’ 모델에 헤드업 디스플레이(HUD)의 길 안내 그래픽이 새롭게 적용 되었습니다.
추후 대상 차종 확대 예정이며, 헤드업 디스플레이 업데이트는 해당 옵션 장착 차량만 가능합니다.
* 클러스터와 헤드업 디스플레이 업데이트 적용 여부는 차종마다 상이할 수 있습니다.
* 지자체 실 도로 유도선 색상과 클러스터/헤드업 디스플레이/내비게이션 유도 색상 정보 동일하게 반영하여 운전자 편의 강화"
기타,내비게이션 무선 업데이트는 어떻게 이뤄지나요?,"일정 시간 이상 주행 시, 최신 버전의 지도와 소프트웨어로 자동 업데이트가 진행되며,?
주행 종료 후 시동을 끌 때 팝업 표시창의 ‘시작’ 버튼을 누르면 시스템 업데이트까지 최종 완료됩니다.
* 업데이트 상태 확인은 '설정-일반-SW정보/업데이트' 에서 확인할 수 있습니다."
기타,내비게이션 업데이트 주기가 어떻게 되나요?,"내비게이션은 연 6회 정기 유/무선 업데이트를 통해 최신 지도 및 안정적인 내비게이션 시스템 & 신규 기능 적용을 제공하고 있으며,
OTA 무선 업데이트를 통해 더욱 편리한 업데이트 경험을 제공하고 있습니다. (단속 카메라 반영 등 기본 정보는 수시로 업데이트 중에 있음)
*?OTA 무선 업데이트를 위해서는 기아커넥트 서비스 가입이 필요하며, 표준형5W/고급형6세대가 적용된 차종에서 제공됩니다."
기타,빌트인 캠 USB메모리 저장버튼이 활성화가 안됩니다. 어떻게 해야 하나요?,"USB 연결 단자를 확인해 주세요. 정상적으로 연결 시 화면 상단에 USB 연결 아이콘이 표시됩니다.
빌트인 캠 전용 단자는 멀티미디어 USB단자와 다르게 글로브 박스 또는 콘솔 박스 내부에 위치해 있습니다. (차종별 상이)"
기타,빌트인 캠 업데이트를 하지 않으면 영상 녹화가 안되나요?,"업데이트와 영상 녹화는 관련이 없습니다. 다만, 업데이트를 하지 않은 경우 스마트폰 연결 오류 등 일부 기능이 정상적으로 동작하지 않을 수 있으니 꼭 업데이트를 받으시기 바랍니다."
기타,빌트인 캠 녹화영상 관리 방법이 궁금합니다.,"주행 중 상시 영상은 최대 3시간, 주차 중 상시 영상은 최대 20시간, 주행/주차 중 충격감지 이벤트는 최대 40건, 수동 스위치 녹화는 최대 30건 까지 저장 가능합니다.
저장공간 초과 시 가장 이른 녹화영상부터 자동 삭제되므로, 중요파일은 보관함[★]에 저장하시거나 사고 직후에도 차량 주행 필요 시 '주행중 녹화기능'을 꺼주세요.
*?주행 중 상시 / 주차 중 상시 / 주행 중 이벤트 / 주차 중 이벤트 영상은 독립적으로 분할 저장됩니다."
